{
  "project_info": {
    "project_number": "612299373064",
    "project_id": "markwave-481315",
    "storage_bucket": "markwave-481315.firebasestorage.app"
  },
  "client": [
    {
      "client_info": {
        "mobilesdk_app_id": "1:612299373064:android:5985b830becec8cd0eefbd",
        "android_client_info": {
          "package_name": "com.markwave.animalcart"
        }
      },
      "oauth_client": [],
      "api_key": [
        {
          "current_key": "AIzaSyC88x_wjf5oBRmTxyXUwXV_UY2N73kl82c"
        }
      ],
      "services": {
        "appinvite_service": {
          "other_platform_oauth_client": []
        }
      }
    }
  ],
  "configuration_version": "1"
}
